DBNs,Funding
10X225,"3,001,810"
14K318,"7,720,906"
10X226,"2,722,452"
01M110,"2,559,804"
05M197,"2,270,648"
05M194,"2,252,445"
05M195,"2,946,889"
10X342,"3,479,707"
10X340,"3,042,324"
10X228,"1,960,064"
10X344,"918,220"
09X303,"1,747,218"
75Q993,0
12X214,"5,403,492"
13K113,"4,709,484"
24Q013,"6,950,677"
23K493,"2,956,438"
15K230,"6,424,382"
11X462,"1,368,822"
84M726,0
75Q009,0
11X068,"4,171,926"
18K279,"3,577,652"
24Q307,"3,276,510"
18K276,"4,649,548"
11X468,"1,459,883"
28Q008,"4,169,212"
18K272,"3,818,396"
28Q099,"3,901,607"
11X019,"3,289,696"
28Q310,"1,912,575"
03M199,"3,794,625"
84M861,0
84K703,0
11X016,"3,147,352"
17K353,"1,120,266"
06M028,"5,126,374"
19K159,"4,461,405"
19K158,"3,584,277"
21K097,"4,492,621"
25Q032,"4,030,069"
21K095,"5,294,741"
17K354,"1,750,116"
84X389,0
11X121,"4,809,682"
21K099,"3,591,521"
21K098,"5,494,141"
27Q323,"4,073,774"
75K396,0
24Q087,"3,690,668"
15K058,"4,008,152"
14K018,"1,202,337"
24Q128,"3,614,925"
08X182,"4,837,821"
16K040,"2,061,971"
75K771,0
09X011,"4,390,181"
03M075,"4,449,518"
15K051,"5,289,289"
23K137,"2,342,795"
24Q049,"4,578,427"
14K380,"2,886,194"
27Q202,"5,371,614"
75R037,0
05M670,"3,097,115"
27Q207,"4,482,217"
84K740,0
01M378,"1,637,260"
17K181,"6,058,808"
04M012,"2,316,473"
04M013,"2,111,152"
14K250,"4,043,477"
28Q167,"1,491,164"
28Q160,"3,911,399"
28Q161,"4,030,696"
14K257,"2,953,839"
12X006,"3,657,419"
12X212,"2,081,981"
11X112,"2,771,709"
32K347,"3,457,796"
06M153,"5,252,742"
01M292,"2,838,073"
75X352,0
07X277,"3,068,224"
16K035,"1,371,683"
25Q219,"3,694,362"
11X287,"1,846,092"
10X279,"5,399,011"
23K041,"3,889,605"
08X302,"4,417,267"
04M825,"2,097,275"
11X289,"2,258,261"
19K089,"2,102,306"
08X072,"5,026,869"
08X071,"9,620,305"
05M036,"3,693,134"
31R013,"3,653,810"
05M030,"3,628,770"
08X075,"3,758,435"
09X088,"1,861,303"
84K517,0
84X482,0
75K077,0
31R019,"3,449,438"
12X190,"1,550,744"
27Q108,"6,016,065"
21K253,"3,813,486"
11X160,"3,778,674"
04M083,"2,129,497"
07X203,"2,051,646"
27Q100,"5,162,609"
13K527,"2,250,712"
27Q105,"5,498,334"
27Q104,"3,417,569"
02M413,"3,578,373"
13K305,"1,842,977"
07X018,"3,140,083"
13K307,"2,186,536"
15K321,"6,487,187"
13K301,"1,353,227"
30Q234,"3,413,546"
13K691,"872,520"
75M079,0
23K518,"1,688,783"
07X385,"3,437,922"
29Q147,"4,045,360"
26Q026,"3,499,330"
30Q111,"3,113,621"
10X045,"5,463,813"
84X185,0
32K086,"2,851,062"
10X046,"7,405,498"
26Q186,"2,074,345"
27Q043,"6,400,144"
21K177,"4,435,301"
75Q004,0
84X407,0
84X419,0
18K588,"2,277,966"
28Q284,"2,171,589"
17K138,"4,992,141"
26Q162,"3,306,323"
29Q181,"2,345,445"
26Q205,"1,544,782"
14K582,"1,906,425"
26Q203,"3,635,566"
02M183,"3,271,063"
19K108,"4,628,577"
14K586,"3,369,282"
18K233,"3,346,652"
13K011,"3,052,064"
02M040,"2,972,169"
01M539,"6,803,558"
15K821,"2,662,764"
02M347,0
22K278,"5,174,065"
32K075,"3,418,417"
07X551,"3,244,900"
15K172,"3,107,559"
19K346,"3,557,107"
07X221,"3,349,594"
84M353,0
19K345,"3,423,034"
29Q327,"736,715"
03M860,"2,359,537"
08X367,"2,802,718"
03M862,"1,797,055"
29Q283,"2,279,065"
32K554,"1,265,768"
02M077,"1,717,021"
16K262,"2,308,211"
07X151,"1,908,410"
03M258,"1,839,885"
07X157,"3,513,555"
16K267,"1,808,877"
26Q115,"3,249,819"
07X154,"2,947,135"
28Q217,"7,380,986"
03M250,"1,533,271"
03M256,"1,169,998"
07X224,"2,202,449"
10X315,"1,425,216"
25Q079,"3,972,988"
12X242,"2,347,504"
09X058,"3,258,159"
10X310,"3,985,487"
28Q030,"3,725,005"
09X055,"4,164,533"
15K094,"6,306,336"
09X053,"6,680,554"
02M114,"2,333,916"
04M050,"2,745,991"
02M116,"3,856,318"
02M111,"3,466,797"
04M057,"4,318,497"
08X119,"4,964,871"
84K704,0
03M421,"1,057,209"
84K707,0
24Q007,"6,655,320"
84K701,0
24Q005,"7,310,413"
16K005,"2,749,421"
23K165,"3,257,522"
18K244,"4,410,178"
75M811,0
01M034,"3,065,790"
84X730,0
08X304,"2,863,148"
08X301,"2,055,072"
03M191,"2,812,599"
06M278,"2,668,270"
11X021,"4,313,022"
24Q019,"10,913,185"
13K265,"2,737,832"
30Q235,"1,248,843"
14K050,"3,000,304"
10X386,"2,393,580"
17K241,"3,181,555"
28Q048,"2,023,310"
10X382,"2,074,720"
14K059,"2,228,457"
23K184,"2,736,348"
21K228,"4,886,003"
06M052,"5,210,559"
31R069,"5,389,070"
19K166,"3,056,570"
04M497,"1,462,135"
17K352,"2,659,671"
20K104,"6,194,945"
11X153,"4,164,488"
06M115,"3,431,440"
21K225,"5,244,857"
21K226,"4,982,669"
14K120,"2,397,973"
09X128,"1,861,632"
03M044,0
17K246,"4,221,000"
15K001,"5,795,236"
15K131,"4,738,594"
75M226,0
17K249,"3,556,062"
84K648,0
09X126,"4,111,108"
21K096,"5,105,031"
14K126,"2,879,318"
84K791,0
31R058,"4,126,035"
06M187,"3,798,794"
31R053,"3,519,857"
24Q077,"6,143,923"
31R051,"5,407,790"
06M189,"5,875,800"
31R057,"4,332,258"
31R056,"3,859,424"
31R055,"3,742,895"
31R054,"4,347,999"
17K397,"2,303,020"
03M243,"1,320,233"
17K394,"3,508,516"
75X176,0
12X463,"1,472,891"
27Q254,"3,446,571"
10X085,"7,596,278"
20K069,"4,588,048"
17K399,"2,711,601"
17K398,"2,456,924"
75M035,0
18K066,"3,716,326"
21K128,"2,351,832"
22K119,"2,627,330"
18K068,"4,997,836"
02M234,"3,991,897"
07X343,"1,498,831"
21K121,"1,616,413"
20K192,"3,939,896"
75R025,0
05M318,"1,306,695"
09X229,"3,028,556"
04M155,"2,291,593"
31R050,"4,052,337"
22K052,"4,326,398"
05M317,0
05M175,"2,231,843"
04M372,"2,327,459"
29Q109,"5,501,313"
04M377,"1,406,013"
04M375,"1,686,433"
12X061,"2,646,841"
02M407,"2,308,936"
75K140,0
75K141,0
26Q067,"4,440,837"
12X067,"3,806,109"
04M406,"900,474"
08X125,"3,934,327"
08X036,"4,220,632"
08X048,"4,631,352"
04M171,"3,389,956"
02M442,"924,096"
08X123,"3,219,358"
31R029,"3,739,325"
31R026,"1,393,569"
01M140,"2,474,219"
31R024,"7,542,035"
01M142,"2,454,488"
13K270,"1,574,263"
31R023,"2,795,636"
31R020,"2,943,854"
27Q197,"3,484,341"
13K054,"2,057,381"
15K130,"2,792,277"
13K056,"2,157,512"
02M655,"4,082,485"
16K627,"780,340"
07X043,"2,714,352"
15K136,"3,690,300"
07X162,"4,118,815"
16K628,"815,077"
07X161,"4,450,386"
07X049,"4,490,445"
09X063,"3,807,876"
24Q073,"7,827,844"
03M076,"2,408,167"
24Q229,"7,174,686"
24Q071,"6,568,536"
10X307,"1,805,770"
09X064,"5,003,371"
17K092,"3,468,318"
19K260,"2,232,791"
19K302,"5,078,356"
11X144,"5,338,352"
30Q069,"5,933,427"
19K306,"3,939,206"
30Q149,"6,544,309"
25Q130,"2,026,750"
26Q018,"2,077,256"
84M481,0
16K308,"3,623,446"
10X032,"4,428,430"
10X033,"5,209,594"
30Q141,"5,038,662"
27Q114,"4,679,355"
10X037,"3,797,687"
11X078,"3,855,997"
25Q237,"6,208,582"
09X313,"2,683,139"
11X076,"5,670,480"
30Q204,"3,971,292"
32K151,"2,507,338"
02M011,"3,442,299"
20K062,"6,978,874"
17K189,"6,276,385"
02M150,"984,471"
16K534,"1,655,864"
17K061,"5,672,466"
15K592,"951,007"
28Q086,"5,076,923"
18K208,"2,906,970"
18K366,"1,641,872"
28Q082,"3,615,642"
21K212,"3,832,127"
28Q080,"3,886,670"
29Q259,"3,080,273"
10X020,"5,877,308"
09X114,"5,101,130"
08X467,"1,122,848"
84M329,0
14K019,"2,069,441"
09X215,"2,241,127"
27Q253,"2,758,102"
12X129,"3,168,592"
84M320,0
03M180,"3,481,888"
14K017,"2,574,851"
14K016,"1,844,696"
10X459,"1,334,125"
09X004,"3,716,869"
09X002,"1,339,150"
19K007,"4,248,834"
28Q101,"3,479,413"
84K744,0
09X166,0
09X163,"3,807,231"
03M165,"4,719,439"
03M415,"3,501,769"
16K057,"1,500,584"
03M009,"2,951,703"
23K284,"3,174,624"
19K677,"2,132,246"
03M163,"3,544,524"
05M133,"2,064,311"
19K678,"1,071,743"
03M145,"3,105,417"
25Q252,"2,634,528"
01M361,"1,522,952"
27Q210,"8,935,036"
01M363,"1,789,216"
27Q215,"3,444,681"
01M364,"1,737,169"
30Q145,"10,243,527"
17K191,"1,750,083"
04M007,"2,144,450"
02M225,"1,968,924"
09X339,"4,858,807"
11X370,"2,794,643"
09X218,"4,427,969"
28Q175,"3,557,493"
28Q174,"3,336,438"
11X272,"2,775,432"
11X270,"3,303,995"
20K609,"1,847,027"
11X105,"8,036,020"
11X106,"6,310,994"
03M333,"3,781,543"
20K259,"6,941,404"
14K110,"2,279,489"
22K014,"4,195,265"
12X267,"2,275,435"
11X108,"3,297,949"
17K334,"1,523,051"
29Q038,"1,671,959"
12X300,"3,287,353"
10X331,"2,533,497"
75Q811,0
08X130,"2,865,185"
09X505,"4,252,889"
31R063,"2,625,898"
31R060,"4,740,360"
27Q137,"8,592,364"
25Q194,"5,868,227"
01M188,"2,476,121"
31R065,"1,253,212"
01M184,"3,002,823"
84X496,0
24Q143,"7,755,893"
02M408,"3,212,614"
21K303,"4,220,635"
03M166,"2,885,647"
27Q232,"6,026,490"
11X194,"6,625,032"
06M018,"2,461,186"
26Q191,"1,840,536"
02M033,"2,058,507"
13K313,"1,397,116"
16K584,"1,516,316"
10X051,"1,778,381"
08X138,"4,617,332"
07X001,"3,720,136"
17K533,"2,866,863"
13K093,"1,946,496"
07X005,"3,083,982"
19K224,"4,257,277"
11X103,"5,868,327"
28Q680,"3,190,569"
05M344,0
17K531,"2,280,691"
21K281,"6,584,595"
06M152,"4,247,892"
21K288,"2,983,761"
09X219,"2,733,632"
29Q132,"2,146,693"
29Q131,"3,968,500"
29Q136,"3,352,776"
18K114,"3,973,568"
29Q134,"3,238,211"
29Q135,"5,533,903"
29Q033,"5,609,228"
12X150,"4,581,878"
29Q138,"4,895,162"
18K115,"5,655,768"
29Q037,"2,656,621"
29Q036,"2,552,404"
29Q035,"3,343,825"
29Q034,"2,824,911"
04M224,"1,351,182"
84X422,0
01M134,"2,243,799"
04M072,"3,404,470"
01M137,"1,800,663"
20K180,"6,912,728"
02M276,"1,384,561"
02M130,"4,639,648"
13K020,"2,125,977"
15K261,"4,214,652"
84R067,0
10X094,"5,432,138"
10X095,"6,969,259"
30Q084,"2,551,365"
30Q085,"2,694,826"
10X159,"1,738,242"
10X091,"4,144,794"
14K071,"5,364,502"
30Q230,"4,780,469"
02M059,"2,811,101"
29Q295,"2,840,654"
02M290,"3,258,912"
13K008,"2,701,407"
08X424,"2,812,381"
75Q075,0
32K106,"3,596,157"
04M610,"2,150,994"
15K497,"2,893,023"
15K146,"3,359,052"
09X457,"2,746,645"
24Q560,"2,949,967"
09X109,"3,785,370"
19K452,"1,549,581"
32K383,"4,659,043"
30Q580,"2,655,479"
31R018,"3,608,508"
15K464,"2,473,439"
15K463,"2,124,729"
15K462,"2,778,871"
84Q341,0
28Q206,"3,321,478"
84M386,0
09X323,"2,956,915"
25Q163,"3,007,131"
11X087,"3,096,587"
84M382,0
25Q164,"3,594,391"
09X324,"2,154,735"
11X498,"1,415,759"
25Q169,"2,458,382"
09X042,"3,633,762"
28Q140,"3,659,109"
11X326,"2,474,018"
11X089,"7,346,476"
14K330,"999,974"
11X322,"3,366,219"
17K022,"2,989,589"
04M045,"2,229,726"
16K243,"2,666,524"
02M126,"4,161,899"
02M006,"4,155,406"
75K231,0
25Q242,"2,836,610"
12X066,"4,753,248"
23K671,"535,085"
08X376,"2,360,247"
02M198,"2,968,314"
10X243,"3,637,178"
06M348,"3,315,357"
06M349,"1,172,188"
19K013,"3,268,859"
02M003,"3,299,908"
06M346,"2,710,904"
08X333,"2,915,557"
08X335,"1,269,814"
22K312,"5,027,543"
10X254,"2,800,895"
14K023,"1,678,705"
84M708,0
16K081,"2,966,012"
10X399,0
26Q173,"4,062,041"
84M702,0
10X396,"1,801,262"
10X391,"4,102,824"
10X390,"3,184,842"
84M704,0
84M705,0
19K171,"4,121,975"
84K359,0
17K484,"1,105,611"
19K174,"2,947,052"
06M048,"3,472,325"
20K112,"2,527,359"
11X096,"5,680,415"
11X142,"4,665,097"
84K357,0
84K356,0
84K355,0
26Q178,"2,583,823"
24Q102,"5,994,672"
03M054,"4,159,737"
05M046,"3,715,507"
31R014,"3,561,550"
23K155,"3,055,679"
23K156,"3,805,426"
31R027,"6,496,319"
15K038,"2,527,319"
15K039,"2,014,069"
19K072,0
09X035,"3,559,757"
17K375,"3,002,507"
75K370,0
75Q255,0
75Q256,0
06M192,"2,392,875"
20K506,"3,628,246"
24Q068,"4,058,100"
31R022,"5,536,986"
75K372,0
24Q061,"10,779,224"
05M161,"6,347,199"
84X165,0
02M051,"1,941,030"
25Q193,"2,604,289"
25Q499,"2,313,998"
75X168,0
27Q262,"2,892,819"
31R021,"2,676,822"
01M315,"1,357,198"
31R080,"6,034,466"
22K234,"8,499,129"
07X296,"1,730,436"
20K204,"5,686,059"
13K009,"2,977,884"
20K201,"6,633,224"
20K200,"5,616,494"
32K299,"2,697,208"
21K153,"2,759,777"
07X298,"1,616,627"
22K236,"3,439,226"
08X100,"4,090,173"
11X127,"3,946,338"
07X029,"4,089,160"
12X057,"3,098,256"
12X050,"3,291,315"
12X198,"2,872,603"
84X255,0
16K335,"2,894,437"
12X195,"4,406,434"
05M302,"1,393,560"
09X250,"2,136,185"
12X196,"4,244,375"
20K163,"3,130,137"
20K160,"4,410,593"
13K596,"1,146,433"
27Q045,"2,659,717"
27Q047,"1,518,990"
27Q042,"3,929,236"
75Q224,0
13K003,"3,301,151"
09X145,"3,023,513"
10X447,"1,535,335"
04M381,"1,792,398"
24Q199,"5,525,093"
07X223,"2,475,122"
28Q220,"3,150,581"
31R039,"2,540,946"
31R038,"2,434,094"
29Q176,"3,828,522"
31R061,"6,676,344"
31R035,"1,928,395"
31R034,"6,338,957"
31R036,"4,666,025"
06M128,"4,179,444"
13K266,"1,245,865"
21K239,"6,178,607"
21K238,"4,018,995"
07X179,"2,443,917"
22K222,"4,266,991"
13K046,"2,224,723"
16K636,"1,184,558"
22K381,"2,932,190"
26Q133,"3,174,976"
15K107,"2,810,948"
29Q095,"7,167,177"
84K538,0
13K287,"1,697,009"
08X140,"3,152,698"
13K282,"5,192,669"
09X022,"3,758,408"
31R048,"2,345,399"
08X269,"2,321,476"
08X146,"2,498,567"
30Q070,"4,793,349"
10X024,"4,752,708"
10X141,"7,541,903"
32K349,"3,235,433"
30Q076,"3,789,573"
19K311,"1,641,562"
30Q078,"1,673,384"
24Q088,"6,759,463"
17K340,"1,508,219"
15K429,"2,901,009"
15K088,"5,519,389"
30Q171,"3,477,236"
27Q106,"2,158,711"
24Q089,"9,183,434"
84Q304,0
23K631,"2,515,586"
02M167,"5,847,160"
26Q221,"3,055,125"
23K634,"1,291,693"
10X206,"2,315,241"
10X205,"5,323,674"
30Q212,"4,175,581"
25Q200,"3,369,253"
25Q201,"3,490,457"
25Q020,"6,975,853"
22K254,"3,046,029"
22K255,"4,219,140"
75Q023,0
31R042,"5,427,296"
18K598,"1,996,679"
22K251,"3,653,495"
08X375,"3,213,122"
22K315,"3,737,533"
01M450,"3,981,706"
13K133,"1,886,922"
02M002,"4,448,589"
02M001,"2,956,032"
18K219,"4,295,323"
84M336,0
21K090,"3,310,531"
30Q286,"2,048,744"
84M330,0
75X723,0
84K626,0
75X721,0
19K409,"2,415,026"
25Q025,"4,590,391"
12X384,"2,254,690"
26Q172,"5,155,139"
08X062,"3,689,392"
10X291,"3,062,281"
10X118,"5,912,624"
05M286,"1,537,542"
23K332,"2,577,171"
14K577,"2,435,526"
09X073,"4,625,407"
09X070,"6,958,317"
31R052,"4,223,549"
22K269,"3,079,071"
32K123,"4,394,291"
14K614,"1,424,298"
12X383,"1,355,500"
05M123,"3,728,181"
84K726,0
05M125,"1,756,053"
23K298,"3,079,766"
04M964,"1,549,419"
10X306,"4,194,646"
23K522,"1,405,012"
04M038,"2,035,921"
15K676,"1,305,863"
06M314,"1,823,975"
06M098,"3,930,707"
06M311,"2,320,567"
84M335,0
84X717,0
27Q226,"7,074,197"
22K555,"3,021,004"
06M319,"3,259,352"
04M037,"1,677,305"
10X360,"2,538,176"
03M087,"4,747,502"
03M084,"2,464,867"
10X363,"1,359,759"
11X041,"4,973,174"
10X368,"5,948,700"
29Q238,"8,184,692"
84K362,0
20K127,"2,930,441"
13K492,"1,931,983"
21K209,"4,189,995"
18K211,"4,388,426"
25Q294,"2,121,589"
06M173,"3,922,104"
84M384,0
17K590,"4,443,337"
12X098,"3,205,338"
84K536,0
14K297,"2,214,750"
84M385,0
09X454,"1,644,154"
12X316,"1,697,181"
75X188,0
25Q165,"3,325,175"
12X092,"3,053,780"
27Q318,"910,412"
05M129,"3,894,731"
09X517,"3,355,457"
09X327,"1,873,929"
27Q123,"3,665,482"
05M154,"2,647,600"
31R072,"8,430,725"
31R075,"6,805,874"
24Q091,"5,000,353"
25Q189,"4,463,220"
24Q093,"6,720,409"
25Q185,"5,609,550"
09X325,"2,840,400"
04M108,"3,724,431"
24Q153,"7,266,689"
20K205,"4,881,137"
19K214,"5,195,742"
12X691,"1,628,680"
11X189,"2,326,219"
06M005,"4,347,779"
06M004,"3,887,852"
14K196,"2,612,604"
27Q319,"1,171,287"
02M289,"1,630,618"
22K152,"4,005,844"
11X181,"3,847,156"
09X328,"1,436,840"
30Q148,"5,396,800"
30Q112,"3,278,661"
21K101,"4,103,603"
21K100,"3,498,880"
15K027,0
02M217,"2,306,409"
28Q040,"3,490,794"
02M212,"1,746,649"
12X271,"3,501,777"
01M839,"2,271,297"
16K309,"2,540,292"
28Q144,"4,214,975"
22K078,"6,586,327"
19K213,"2,665,222"
26Q188,"2,433,136"
12X273,"1,563,935"
19K218,"3,420,632"
01M064,"2,274,168"
20K105,"8,734,093"
09X230,"2,685,754"
84X346,0
84X718,0
26Q046,"3,272,324"
28Q117,"6,095,304"
17K543,"2,649,987"
01M345,"1,729,284"
09X199,"3,712,415"
09X232,"2,640,579"
19K190,"2,147,615"
27Q155,"3,465,216"
13K256,"2,275,156"
27Q225,0
02M124,"4,789,764"
84K742,0
02M260,"1,782,566"
17K091,"4,377,397"
03M208,"1,563,075"
02M042,"4,400,417"
02M041,"3,854,910"
10X086,"9,087,642"
10X081,"4,289,175"
10X080,"4,041,519"
84R073,0
07X369,"1,695,342"
30Q092,"5,043,187"
17K012,"2,086,013"
26Q266,"3,644,564"
16K393,"2,621,274"
27Q223,"4,111,127"
11X111,"4,385,771"
22K217,"6,597,438"
32K376,"3,257,850"
32K377,"4,086,778"
84K710,0
19K364,"2,189,906"
25Q244,"1,579,770"
84M279,0
15K447,"2,773,471"
29Q195,"3,558,393"
29Q059,"4,282,487"
07X031,"3,615,070"
29Q192,"3,905,838"
03M334,"2,487,986"
29Q231,"5,283,748"
30Q002,"3,744,162"
10X015,"3,065,256"
04M182,"2,111,132"
29Q052,"3,023,097"
14K084,"2,929,076"
16K025,"3,137,841"
16K026,"2,053,777"
11X097,"3,868,621"
16K021,"3,404,851"
84M388,0
25Q250,"2,288,781"
25Q154,"3,263,222"
07X030,"2,577,778"
16K028,"2,075,897"
28Q157,"6,424,921"
09X090,0
27Q062,"4,511,424"
17K289,"3,743,775"
13K103,"1,686,169"
23K392,"1,453,004"
17K161,"4,303,153"
23K644,"1,362,923"
08X014,"3,834,012"
02M131,"4,330,556"
17K167,"2,917,328"
08X337,"1,711,529"
27Q309,"2,302,635"
05M410,"920,651"
08X448,"1,391,940"
75X010,0
18K268,"3,104,115"
06M218,"2,754,689"
06M223,"2,355,944"
27Q306,"1,662,225"
01M015,"1,560,936"
14K031,"2,765,274"
26Q074,"5,156,553"
20K164,"2,925,431"
14K034,"2,456,289"
20K102,"5,733,062"
10X244,"3,875,024"
29Q270,"3,777,194"
29Q116,"4,308,577"
10X059,"4,073,417"
06M528,"1,563,804"
19K065,"3,694,854"
27Q317,"1,931,572"
32K116,"3,184,448"
19K149,"3,878,918"
84X394,0
09X413,"3,569,646"
27Q282,"1,425,046"
84X398,0
14K147,"1,917,154"
30Q126,"3,719,722"
25Q029,"3,248,150"
24Q113,"3,976,744"
09X028,"4,086,439"
15K029,"3,271,524"
24Q119,"5,049,394"
12X217,"2,543,208"
25Q022,"4,104,665"
15K024,"4,145,941"
25Q024,"4,615,587"
28Q072,"4,757,688"
12X211,"3,973,172"
24Q058,"5,115,454"
25Q021,"5,485,596"
01M301,"1,426,640"
84K777,0
29Q268,"3,340,874"
10X007,"3,251,357"
84M709,0
02M312,"2,895,088"
06M328,"2,883,166"
18K135,"3,795,722"
06M326,"2,549,906"
06M324,"2,421,049"
06M325,"2,534,985"
06M322,"2,978,927"
01M063,"1,657,882"
06M321,0
27Q053,"3,244,201"
22K139,"4,991,358"
84M284,0
25Q209,"3,253,594"
06M143,"4,376,678"
20K247,"3,547,426"
29Q251,"2,405,266"
22K134,"2,537,225"
21K188,"3,386,717"
20K179,"4,544,899"
12X044,"2,067,079"
09X241,"3,378,146"
17K587,"2,285,136"
20K176,"5,754,270"
84M430,0
20K170,"4,554,333"
84X309,0
20K030,"2,208,068"
12X286,"1,703,095"
27Q056,"2,615,439"
84K508,0
31R016,"5,423,286"
75K004,0
08X069,"3,251,355"
75K368,0
31R031,"3,205,765"
31R008,"2,489,661"
06M132,"4,691,600"
12X341,"1,449,981"
11X083,"9,076,574"
75Q233,0
08X107,"3,104,870"
31R001,"2,825,989"
31R002,"5,168,299"
31R003,"4,193,822"
31R004,"4,459,411"
04M206,"1,624,486"
08X101,"2,573,467"
31R007,"6,143,569"
03M242,"1,475,902"
27Q124,"5,707,652"
18K235,"6,540,682"
10X003,"3,146,835"
07X065,"2,436,705"
75K053,0
31R030,"4,563,673"
15K443,"2,626,894"
15K442,"1,796,031"
24Q877,"2,300,614"
05M200,"3,439,266"
84K358,0
02M158,"3,732,200"
75X186,0
75K369,0
19K328,"3,463,836"
08X152,"4,699,856"
09X132,"4,108,123"
04M096,"2,865,388"
12X318,"2,589,107"
10X056,"3,419,465"
15K124,"1,862,536"
10X054,"2,797,305"
11X175,"2,381,230"
05M367,"2,965,951"
12X134,"3,491,688"
21K329,"2,656,213"
05M362,"1,773,864"
06M210,"2,662,998"
02M422,"1,127,572"
84K593,0
02M255,"2,158,200"
84Q706,0
26Q031,"2,668,498"
84Q704,0
84Q705,0
75X017,0
29Q156,"4,686,591"
22K277,"2,382,897"
84K649,0
84X488,0
26Q213,"2,741,847"
26Q216,"6,011,294"
84M350,0
09X443,"2,672,237"
31R032,"4,314,988"
15K154,"2,379,870"
25Q214,"2,321,925"
22K245,"1,272,485"
22K240,"5,682,312"
15K169,"7,270,632"
84M355,0
02M896,"1,560,550"
31R861,"2,531,979"
18K581,"1,647,459"
08X366,"2,545,949"
23K150,"1,916,135"
84M341,0
03M859,"780,014"
04M102,"2,384,699"
32K291,"3,845,752"
10X280,"4,357,680"
84K652,0
11X178,"3,255,522"
84K651,0
15K032,"1,918,530"
31R005,"1,399,791"
84M478,0
31R006,"4,229,323"
23K323,"3,021,344"
03M245,"1,921,451"
18K285,"4,698,368"
03M247,"1,393,021"
23K327,"3,927,514"
03M241,"1,693,100"
02M089,"2,693,574"
31R011,"1,777,212"
25Q107,"4,724,801"
28Q121,"4,789,094"
17K221,"3,555,850"
25Q184,"2,629,156"
23K178,"3,155,982"
05M092,"2,824,525"
17K382,"3,016,714"
10X308,"1,603,893"
24Q125,"8,145,017"
84K731,0
84K730,0
02M104,"4,861,196"
75X012,0
23K697,"3,029,842"
08X093,"2,755,625"
03M149,"2,381,282"
24Q014,"7,879,672"
24Q016,"7,718,634"
24Q305,"1,886,917"
24Q012,"6,503,681"
15K448,"4,894,068"
27Q333,"2,798,899"
01M020,"3,216,429"
06M366,"1,292,099"
84X705,0
84X704,0
06M368,"1,323,652"
84X706,0
84X703,0
75M138,0
28Q054,"3,190,078"
01M019,"1,801,509"
30Q227,"7,633,317"
28Q050,"4,572,734"
13K067,"1,606,309"
27Q183,"3,374,050"
29Q208,"4,190,225"
28Q196,"3,110,073"
28Q190,"4,567,039"
84X345,0
19K202,"4,329,196"
14K132,"3,475,994"
26Q041,"2,792,077"
21K215,"3,607,409"
05M469,"2,315,525"
21K216,"2,337,406"
19K290,"3,214,614"
84K608,0
19K292,"3,901,149"
32K384,"3,806,343"
27Q097,"3,915,407"
27Q096,"1,914,729"
15K015,"2,410,452"
84K702,0
15K010,"3,857,896"
27Q090,"4,659,928"
32K145,"4,366,272"
17K316,"2,257,153"
09X117,"4,464,906"
23K073,"2,783,586"
09X110,"2,870,069"
12X047,"5,924,510"
21K690,"5,235,494"
24Q081,"5,918,855"
06M008,"3,414,832"
84K780,0
31R049,"5,282,069"
84K782,0
25Q285,"3,135,132"
31R044,"4,763,946"
31R045,"4,885,701"
31R046,"1,890,488"
30Q010,"4,946,316"
31R041,"3,571,757"
13K571,"1,204,443"
11X180,"5,038,642"
15K295,"2,123,576"
75Q177,0
75M169,0
84Q170,0
10X079,0
20K503,"5,416,665"
25Q129,"5,180,616"
01M332,"1,116,171"
28Q055,"4,036,484"
25Q281,"3,121,525"
17K002,"2,451,842"
32K274,"3,239,312"
22K109,"3,555,350"
08X371,"2,153,070"
20K185,"4,090,161"
20K186,"4,368,519"
20K187,"5,328,396"
20K229,"4,414,945"
12X245,"2,230,157"
20K227,"7,606,570"
20K220,"7,552,363"
20K223,"4,472,853"
75K036,0
29Q118,"3,683,628"
28Q139,"4,753,797"
12X372,"2,214,769"
84X378,0
30Q122,"6,652,294"
14K157,"2,530,447"
30Q127,"6,816,312"
75R373,0
25Q120,"4,238,979"
06M293,"2,994,393"
27Q146,"4,818,836"
32K162,"3,588,980"
75M094,0
08X131,"4,715,855"
32K296,"3,316,974"
27Q063,"6,388,927"
27Q060,"5,527,050"
13K336,"1,591,342"
27Q066,"2,834,010"
27Q064,"3,282,878"
27Q065,"2,879,611"
26Q094,"2,091,929"
07X500,"3,381,843"
07X025,"2,109,731"
26Q159,"2,790,944"
30Q166,"5,379,106"
75K811,0
17K006,"3,628,211"
26Q098,"1,375,894"
84M351,0
20K048,"3,195,521"
05M499,"8,005,535"
21K199,"3,440,273"
04M146,"3,336,391"
26Q158,"5,502,154"
29Q015,"2,501,204"
22K203,"4,487,946"
16K385,"1,760,815"
24Q239,"4,266,597"
22K207,"6,175,733"
22K206,"6,370,098"
30Q017,"3,399,930"
22K198,"3,165,781"
12X102,"5,240,833"
19K273,"2,724,469"
30Q011,"6,260,499"
09X204,"2,191,464"
22K193,"4,387,284"
10X246,"4,015,333"
22K195,"1,928,526"
22K194,"2,663,303"
22K197,"3,383,986"
32K045,"4,081,886"
10X009,"3,730,880"
10X008,"6,909,441"
28Q896,"2,523,179"
13K044,"2,133,945"
30Q152,"6,708,798"
21K468,"2,249,207"
30Q150,"6,438,370"
30Q151,"3,151,561"
